open_time,open,high,low,close,volume,close_time,quote_asset_volume,number_of_trades,taker_by_qav,taker_by_bav,ignored
2018-12-01 00:00:00+00:00,0.042839000,0.042839000,0.040963000,0.041263000,17849.438000000,2018-12-01 23:59:59.999000+00:00,745.315286770,12987.000000000,7485.617000000,312.824983250,0.000000000
2018-12-02 00:00:00+00:00,0.041212000,0.043100000,0.040878000,0.041283000,18195.413000000,2018-12-02 23:59:59.999000+00:00,758.553389240,14587.000000000,9561.366000000,398.723688680,0.000000000
2018-12-03 00:00:00+00:00,0.041285000,0.041727000,0.040322000,0.040853000,19405.526000000,2018-12-03 23:59:59.999000+00:00,796.421949040,12887.000000000,8487.231000000,348.345403470,0.000000000
2018-12-04 00:00:00+00:00,0.040858000,0.040899000,0.037414000,0.037592000,31990.173000000,2018-12-04 23:59:59.999000+00:00,1241.447289930,20754.000000000,14313.132000000,555.524189410,0.000000000
2018-12-05 00:00:00+00:00,0.037591000,0.037720000,0.034413000,0.034545000,74147.561000000,2018-12-05 23:59:59.999000+00:00,2656.813408650,35492.000000000,38630.943000000,1383.022899170,0.000000000
2018-12-06 00:00:00+00:00,0.034509000,0.034733000,0.030028000,0.030480000,115219.878000000,2018-12-06 23:59:59.999000+00:00,3686.035727490,57397.000000000,55303.620000000,1767.531749810,0.000000000
2018-12-07 00:00:00+00:00,0.030427000,0.034822000,0.028566000,0.030812000,229759.453000000,2018-12-07 23:59:59.999000+00:00,7051.884194270,88191.000000000,118846.979000000,3643.359263260,0.000000000
2018-12-08 00:00:00+00:00,0.030812000,0.031564000,0.028649000,0.029300000,75179.465000000,2018-12-08 23:59:59.999000+00:00,2240.609915710,35555.000000000,33520.284000000,1001.243066350,0.000000000
2018-12-09 00:00:00+00:00,0.029250000,0.031680000,0.028702000,0.030045000,95808.510000000,2018-12-09 23:59:59.999000+00:00,2909.608186830,40216.000000000,45928.717000000,1396.465086860,0.000000000
2018-12-10 00:00:00+00:00,0.030038000,0.030244000,0.029106000,0.029751000,42666.720000000,2018-12-10 23:59:59.999000+00:00,1260.438782090,19183.000000000,18712.615000000,552.879213600,0.000000000
2018-12-11 00:00:00+00:00,0.029751000,0.029751000,0.027874000,0.028491000,36398.310000000,2018-12-11 23:59:59.999000+00:00,1043.671895860,16884.000000000,15365.283000000,440.800820480,0.000000000
2018-12-12 00:00:00+00:00,0.028528000,0.028804000,0.027977000,0.028131000,32089.464000000,2018-12-12 23:59:59.999000+00:00,910.276526450,12176.000000000,14470.663000000,410.593837420,0.000000000
2018-12-13 00:00:00+00:00,0.028133000,0.028524000,0.026403000,0.026584000,48217.771000000,2018-12-13 23:59:59.999000+00:00,1336.908408950,19432.000000000,24213.820000000,671.146354230,0.000000000
2018-12-14 00:00:00+00:00,0.026590000,0.027000000,0.024080000,0.024829000,93902.781000000,2018-12-14 23:59:59.999000+00:00,2400.073129730,35779.000000000,46641.294000000,1191.407599770,0.000000000
2018-12-15 00:00:00+00:00,0.024837000,0.025197000,0.023417000,0.023900000,54907.272000000,2018-12-15 23:59:59.999000+00:00,1329.061055780,32396.000000000,28337.951000000,686.155410440,0.000000000
2018-12-16 00:00:00+00:00,0.023899000,0.025626000,0.023828000,0.024701000,72431.776000000,2018-12-16 23:59:59.999000+00:00,1794.595779160,30049.000000000,37980.726000000,940.899782490,0.000000000
2018-12-17 00:00:00+00:00,0.024701000,0.025891000,0.024401000,0.025084000,107273.461000000,2018-12-17 23:59:59.999000+00:00,2684.664258830,40897.000000000,53359.147000000,1337.098857780,0.000000000
2018-12-18 00:00:00+00:00,0.025095000,0.029590000,0.024451000,0.028337000,186129.936000000,2018-12-18 23:59:59.999000+00:00,5082.047135870,87205.000000000,99515.691000000,2716.951371790,0.000000000
2018-12-19 00:00:00+00:00,0.028380000,0.038283000,0.027790000,0.034253000,432480.227000000,2018-12-19 23:59:59.999000+00:00,14284.176727050,217653.000000000,221108.976000000,7294.921999740,0.000000000
2018-12-20 00:00:00+00:00,0.034211000,0.050214000,0.033200000,0.046864000,585034.719000000,2018-12-20 23:59:59.999000+00:00,24734.646246130,309503.000000000,301789.450000000,12755.805741630,0.000000000
2018-12-21 00:00:00+00:00,0.046852000,0.055379000,0.043717000,0.049989000,486640.623000000,2018-12-21 23:59:59.999000+00:00,24420.136168210,327989.000000000,258517.665000000,12983.032931670,0.000000000
2018-12-22 00:00:00+00:00,0.050023000,0.053268000,0.047350000,0.049250000,198942.897000000,2018-12-22 23:59:59.999000+00:00,9867.747333390,146450.000000000,107548.240000000,5333.457030710,0.000000000
2018-12-23 00:00:00+00:00,0.049251000,0.052159000,0.046802000,0.049634000,137057.233000000,2018-12-23 23:59:59.999000+00:00,6750.550840840,108743.000000000,68428.136000000,3369.114254230,0.000000000
2018-12-24 00:00:00+00:00,0.049635000,0.051040000,0.044064000,0.044605000,162644.501000000,2018-12-24 23:59:59.999000+00:00,7813.511009000,114138.000000000,78528.071000000,3763.537644880,0.000000000
2018-12-25 00:00:00+00:00,0.044604000,0.045971000,0.040310000,0.045155000,169625.651000000,2018-12-25 23:59:59.999000+00:00,7337.062752750,139030.000000000,85917.971000000,3717.333076360,0.000000000
2018-12-26 00:00:00+00:00,0.045233000,0.049000000,0.043870000,0.045843000,137107.011000000,2018-12-26 23:59:59.999000+00:00,6325.989967520,121123.000000000,72102.866000000,3327.221613800,0.000000000
2018-12-27 00:00:00+00:00,0.045822000,0.046046000,0.040500000,0.041069000,83250.090000000,2018-12-27 23:59:59.999000+00:00,3580.734280410,69483.000000000,40869.965000000,1762.785120330,0.000000000
2018-12-28 00:00:00+00:00,0.041092000,0.045229000,0.039122000,0.044397000,129250.417000000,2018-12-28 23:59:59.999000+00:00,5487.061573510,97128.000000000,68870.774000000,2930.485063110,0.000000000
2018-12-29 00:00:00+00:00,0.044338000,0.044805000,0.042213000,0.043150000,72925.702000000,2018-12-29 23:59:59.999000+00:00,3154.494184920,63421.000000000,38628.370000000,1671.948227180,0.000000000
2018-12-30 00:00:00+00:00,0.043154000,0.043575000,0.041660000,0.042249000,58587.058000000,2018-12-30 23:59:59.999000+00:00,2481.377890510,47524.000000000,30549.034000000,1293.964938240,0.000000000
2018-12-31 00:00:00+00:00,0.042237000,0.042286000,0.039500000,0.040069000,40962.454000000,2018-12-31 23:59:59.999000+00:00,1690.582003140,34396.000000000,19462.708000000,804.468929940,0.000000000
2019-01-01 00:00:00+00:00,0.040087000,0.044563000,0.039801000,0.042680000,60381.922000000,2019-01-01 23:59:59.999000+00:00,2582.532811110,52295.000000000,32270.011000000,1379.481324510,0.000000000
2019-01-02 00:00:00+00:00,0.042662000,0.044248000,0.042281000,0.043731000,66030.743000000,2019-01-02 23:59:59.999000+00:00,2829.815034230,49322.000000000,33167.925000000,1421.257550670,0.000000000
2019-01-03 00:00:00+00:00,0.043708000,0.044990000,0.041451000,0.042089000,62767.527000000,2019-01-03 23:59:59.999000+00:00,2696.435951900,45584.000000000,34052.091000000,1462.163384010,0.000000000
2019-01-04 00:00:00+00:00,0.042105000,0.042800000,0.040700000,0.041626000,49064.871000000,2019-01-04 23:59:59.999000+00:00,2051.800820040,38987.000000000,25502.973000000,1067.039281060,0.000000000
2019-01-05 00:00:00+00:00,0.041606000,0.043319000,0.040800000,0.041601000,47733.705000000,2019-01-05 23:59:59.999000+00:00,1995.542162060,40501.000000000,25246.724000000,1055.596650940,0.000000000
2019-01-06 00:00:00+00:00,0.041601000,0.041809000,0.040201000,0.040716000,44513.579000000,2019-01-06 23:59:59.999000+00:00,1831.184051180,36322.000000000,22562.081000000,928.670402160,0.000000000
2019-01-07 00:00:00+00:00,0.040704000,0.041271000,0.036500000,0.039899000,46657.361000000,2019-01-07 23:59:59.999000+00:00,1874.441083670,32960.000000000,22134.287000000,888.903408970,0.000000000
2019-01-08 00:00:00+00:00,0.039900000,0.040283000,0.039200000,0.040018000,33638.014000000,2019-01-08 23:59:59.999000+00:00,1335.846025560,24845.000000000,16704.298000000,663.342460030,0.000000000
2019-01-09 00:00:00+00:00,0.040002000,0.040059000,0.039187000,0.039603000,29446.192000000,2019-01-09 23:59:59.999000+00:00,1164.320208670,19565.000000000,15896.205000000,628.491119170,0.000000000
2019-01-10 00:00:00+00:00,0.039621000,0.040795000,0.034422000,0.036567000,121697.779000000,2019-01-10 23:59:59.999000+00:00,4529.165670670,81719.000000000,61830.276000000,2305.683821160,0.000000000
2019-01-11 00:00:00+00:00,0.036567000,0.036578000,0.035000000,0.035587000,70183.731000000,2019-01-11 23:59:59.999000+00:00,2509.876353820,46973.000000000,36269.317000000,1296.893702490,0.000000000
2019-01-12 00:00:00+00:00,0.035570000,0.037730000,0.035490000,0.036683000,61305.900000000,2019-01-12 23:59:59.999000+00:00,2260.122863860,43314.000000000,32138.471000000,1184.461915380,0.000000000
2019-01-13 00:00:00+00:00,0.036670000,0.037149000,0.034648000,0.035478000,47193.070000000,2019-01-13 23:59:59.999000+00:00,1694.205640340,34808.000000000,24322.861000000,873.767134670,0.000000000
2019-01-14 00:00:00+00:00,0.035492000,0.037021000,0.034611000,0.036090000,57258.038000000,2019-01-14 23:59:59.999000+00:00,2045.196313860,36849.000000000,29315.316000000,1047.044796030,0.000000000
2019-01-15 00:00:00+00:00,0.036112000,0.036331000,0.034911000,0.035306000,46414.000000000,2019-01-15 23:59:59.999000+00:00,1651.591648860,29729.000000000,26188.387000000,931.627269670,0.000000000
2019-01-16 00:00:00+00:00,0.035307000,0.035800000,0.035101000,0.035362000,32171.201000000,2019-01-16 23:59:59.999000+00:00,1138.021910930,22797.000000000,16749.009000000,592.563210920,0.000000000
2019-01-17 00:00:00+00:00,0.035362000,0.036362000,0.034930000,0.035644000,37881.061000000,2019-01-17 23:59:59.999000+00:00,1347.662184700,24055.000000000,20059.364000000,713.738022760,0.000000000
2019-01-18 00:00:00+00:00,0.035644000,0.035659000,0.034826000,0.035137000,24589.757000000,2019-01-18 23:59:59.999000+00:00,866.337605950,16632.000000000,13177.667000000,464.289085570,0.000000000
2019-01-19 00:00:00+00:00,0.035125000,0.035267000,0.034677000,0.034894000,20091.910000000,2019-01-19 23:59:59.999000+00:00,702.270823550,15863.000000000,10282.809000000,359.449638070,0.000000000
2019-01-20 00:00:00+00:00,0.034908000,0.034998000,0.034000000,0.034417000,24962.498000000,2019-01-20 23:59:59.999000+00:00,863.086049340,18410.000000000,12192.404000000,421.800108210,0.000000000
2019-01-21 00:00:00+00:00,0.034417000,0.034714000,0.033967000,0.034347000,22122.869000000,2019-01-21 23:59:59.999000+00:00,761.046212850,15191.000000000,11309.162000000,389.124142620,0.000000000
2019-01-22 00:00:00+00:00,0.034350000,0.036634000,0.033287000,0.035598000,50044.605000000,2019-01-22 23:59:59.999000+00:00,1755.228188490,32013.000000000,26312.768000000,923.232648570,0.000000000
2019-01-23 00:00:00+00:00,0.035600000,0.037842000,0.035304000,0.036912000,69884.903000000,2019-01-23 23:59:59.999000+00:00,2555.845667150,43787.000000000,36638.331000000,1339.134114730,0.000000000
2019-01-24 00:00:00+00:00,0.036914000,0.036937000,0.035610000,0.035889000,36207.185000000,2019-01-24 23:59:59.999000+00:00,1306.356914120,27238.000000000,18988.732000000,685.029185240,0.000000000
2019-01-25 00:00:00+00:00,0.035892000,0.035932000,0.035219000,0.035572000,21423.091000000,2019-01-25 23:59:59.999000+00:00,761.705895960,16689.000000000,10426.249000000,370.880903680,0.000000000
2019-01-26 00:00:00+00:00,0.035536000,0.035575000,0.035123000,0.035196000,13777.696000000,2019-01-26 23:59:59.999000+00:00,486.546539620,9103.000000000,7699.561000000,271.900351050,0.000000000
2019-01-27 00:00:00+00:00,0.035212000,0.035323000,0.033650000,0.034148000,24623.854000000,2019-01-27 23:59:59.999000+00:00,848.988525800,16237.000000000,12143.323000000,418.590509780,0.000000000
2019-01-28 00:00:00+00:00,0.034149000,0.034157000,0.030978000,0.032340000,53345.074000000,2019-01-28 23:59:59.999000+00:00,1723.310935310,35251.000000000,25502.305000000,823.100128170,0.000000000
2019-01-29 00:00:00+00:00,0.032307000,0.032845000,0.031500000,0.032094000,29784.385000000,2019-01-29 23:59:59.999000+00:00,959.889979090,21994.000000000,14781.754000000,476.451377630,0.000000000
2019-01-30 00:00:00+00:00,0.032105000,0.034696000,0.031738000,0.033826000,50176.749000000,2019-01-30 23:59:59.999000+00:00,1678.957137930,30191.000000000,26283.011000000,879.077697320,0.000000000
2019-01-31 00:00:00+00:00,0.033830000,0.034538000,0.032845000,0.033111000,45246.235000000,2019-01-31 23:59:59.999000+00:00,1519.472729100,28800.000000000,21758.860000000,729.516268650,0.000000000
2019-02-01 00:00:00+00:00,0.033111000,0.034246000,0.032470000,0.033311000,33492.669000000,2019-02-01 23:59:59.999000+00:00,1114.235159090,20786.000000000,18862.837000000,627.334933070,0.000000000
2019-02-02 00:00:00+00:00,0.033309000,0.037066000,0.033220000,0.034588000,47512.752000000,2019-02-02 23:59:59.999000+00:00,1634.083711400,30905.000000000,26214.036000000,900.914559580,0.000000000
2019-02-03 00:00:00+00:00,0.034588000,0.034907000,0.033948000,0.034321000,31045.985000000,2019-02-03 23:59:59.999000+00:00,1067.841042500,20544.000000000,16661.577000000,573.138437070,0.000000000
2019-02-04 00:00:00+00:00,0.034318000,0.034700000,0.034107000,0.034340000,20919.249000000,2019-02-04 23:59:59.999000+00:00,718.503501150,13811.000000000,13730.071000000,471.623391550,0.000000000
2019-02-05 00:00:00+00:00,0.034336000,0.034600000,0.033764000,0.033787000,16655.632000000,2019-02-05 23:59:59.999000+00:00,568.549137590,11655.000000000,8811.985000000,300.914925830,0.000000000
2019-02-06 00:00:00+00:00,0.033810000,0.035954000,0.032616000,0.033679000,62715.612000000,2019-02-06 23:59:59.999000+00:00,2130.826759340,35175.000000000,29981.324000000,1017.511456520,0.000000000
2019-02-07 00:00:00+00:00,0.033682000,0.034410000,0.033421000,0.033974000,27643.117000000,2019-02-07 23:59:59.999000+00:00,939.657521560,20085.000000000,14900.475000000,506.558542620,0.000000000
2019-02-08 00:00:00+00:00,0.033961000,0.036146000,0.033716000,0.035400000,65208.956000000,2019-02-08 23:59:59.999000+00:00,2277.387471960,38411.000000000,35038.157000000,1222.256851660,0.000000000
2019-02-09 00:00:00+00:00,0.035347000,0.035542000,0.034494000,0.034917000,38261.787000000,2019-02-09 23:59:59.999000+00:00,1339.169245090,27082.000000000,24101.198000000,843.739249880,0.000000000
2019-02-10 00:00:00+00:00,0.034927000,0.035063000,0.033443000,0.034454000,31642.412000000,2019-02-10 23:59:59.999000+00:00,1082.752434550,21927.000000000,17849.937000000,611.027984700,0.000000000
2019-02-11 00:00:00+00:00,0.034472000,0.034539000,0.033190000,0.033646000,30461.352000000,2019-02-11 23:59:59.999000+00:00,1031.195384960,19705.000000000,15384.643000000,520.529599180,0.000000000
2019-02-12 00:00:00+00:00,0.033654000,0.033901000,0.032936000,0.033741000,26155.976000000,2019-02-12 23:59:59.999000+00:00,875.420846120,18752.000000000,13454.334000000,450.444858910,0.000000000
2019-02-13 00:00:00+00:00,0.033727000,0.034838000,0.033459000,0.033800000,28162.186000000,2019-02-13 23:59:59.999000+00:00,956.952726760,18100.000000000,15188.730000000,516.060183300,0.000000000
2019-02-14 00:00:00+00:00,0.033811000,0.034363000,0.033343000,0.033687000,41237.105000000,2019-02-14 23:59:59.999000+00:00,1393.723193710,25890.000000000,20193.192000000,682.599517270,0.000000000
2019-02-15 00:00:00+00:00,0.033680000,0.033938000,0.033469000,0.033681000,22438.218000000,2019-02-15 23:59:59.999000+00:00,756.565199480,14516.000000000,11778.400000000,397.235711010,0.000000000
2019-02-16 00:00:00+00:00,0.033673000,0.033888000,0.033357000,0.033587000,14074.868000000,2019-02-16 23:59:59.999000+00:00,473.915360360,10146.000000000,7539.993000000,254.001244640,0.000000000
2019-02-17 00:00:00+00:00,0.033588000,0.034135000,0.033369000,0.033848000,21802.378000000,2019-02-17 23:59:59.999000+00:00,733.628164030,14042.000000000,12650.586000000,425.682716460,0.000000000
2019-02-18 00:00:00+00:00,0.033845000,0.038392000,0.033822000,0.036757000,120375.702000000,2019-02-18 23:59:59.999000+00:00,4334.852362400,71559.000000000,61730.189000000,2224.868345030,0.000000000
2019-02-19 00:00:00+00:00,0.036770000,0.038509000,0.036018000,0.036139000,87826.665000000,2019-02-19 23:59:59.999000+00:00,3275.709563780,63547.000000000,44775.898000000,1670.769969120,0.000000000
2019-02-20 00:00:00+00:00,0.036153000,0.037177000,0.035569000,0.036930000,52532.378000000,2019-02-20 23:59:59.999000+00:00,1917.031534810,38593.000000000,27640.539000000,1007.807467810,0.000000000
2019-02-21 00:00:00+00:00,0.036932000,0.037008000,0.035520000,0.036008000,39095.763000000,2019-02-21 23:59:59.999000+00:00,1410.033662260,29299.000000000,20831.441000000,751.197840980,0.000000000
2019-02-22 00:00:00+00:00,0.036021000,0.036650000,0.035616000,0.036147000,25493.735000000,2019-02-22 23:59:59.999000+00:00,921.936286900,20859.000000000,13300.634000000,481.070493590,0.000000000
2019-02-23 00:00:00+00:00,0.036155000,0.037489000,0.035601000,0.037448000,39079.391000000,2019-02-23 23:59:59.999000+00:00,1416.314795070,29153.000000000,18708.340000000,678.173933880,0.000000000
2019-02-24 00:00:00+00:00,0.037489000,0.037614000,0.033793000,0.033855000,109008.293000000,2019-02-24 23:59:59.999000+00:00,3891.561511050,79777.000000000,54074.710000000,1928.699770760,0.000000000
2019-02-25 00:00:00+00:00,0.033872000,0.036372000,0.033829000,0.034830000,72491.915000000,2019-02-25 23:59:59.999000+00:00,2540.572035440,54444.000000000,38304.735000000,1341.997174870,0.000000000
2019-02-26 00:00:00+00:00,0.034830000,0.035898000,0.034300000,0.034705000,47054.198000000,2019-02-26 23:59:59.999000+00:00,1641.236746800,36904.000000000,25867.218000000,902.205260970,0.000000000
2019-02-27 00:00:00+00:00,0.034690000,0.035023000,0.034001000,0.034338000,35144.868000000,2019-02-27 23:59:59.999000+00:00,1211.230737200,24586.000000000,20629.856000000,711.168289720,0.000000000
2019-02-28 00:00:00+00:00,0.034321000,0.034800000,0.033734000,0.034106000,40190.035000000,2019-02-28 23:59:59.999000+00:00,1376.936941220,28943.000000000,23556.556000000,807.467092280,0.000000000
2019-03-01 00:00:00+00:00,0.034101000,0.034800000,0.033980000,0.034315000,28430.994000000,2019-03-01 23:59:59.999000+00:00,975.511110940,21466.000000000,16231.288000000,556.932243420,0.000000000
2019-03-02 00:00:00+00:00,0.034317000,0.034490000,0.033814000,0.034162000,14840.576000000,2019-03-02 23:59:59.999000+00:00,506.352168490,13795.000000000,7842.987000000,267.646258410,0.000000000
2019-03-03 00:00:00+00:00,0.034163000,0.034404000,0.033958000,0.034029000,13030.239000000,2019-03-03 23:59:59.999000+00:00,445.355409240,10478.000000000,6984.263000000,238.759616780,0.000000000
2019-03-04 00:00:00+00:00,0.034030000,0.034140000,0.032364000,0.033154000,31009.105000000,2019-03-04 23:59:59.999000+00:00,1027.411698480,19956.000000000,16290.250000000,539.738107840,0.000000000
2019-03-05 00:00:00+00:00,0.033152000,0.034400000,0.033003000,0.034221000,36240.511000000,2019-03-05 23:59:59.999000+00:00,1226.622121040,21055.000000000,18978.962000000,642.845141030,0.000000000
2019-03-06 00:00:00+00:00,0.034246000,0.034429000,0.033451000,0.033993000,27682.296000000,2019-03-06 23:59:59.999000+00:00,940.745534530,16427.000000000,13907.829000000,472.650529620,0.000000000
2019-03-07 00:00:00+00:00,0.033991000,0.034172000,0.033489000,0.033683000,22289.969000000,2019-03-07 23:59:59.999000+00:00,754.585798450,12468.000000000,12248.505000000,414.762501240,0.000000000
2019-03-08 00:00:00+00:00,0.033690000,0.034025000,0.032600000,0.033047000,34962.897000000,2019-03-08 23:59:59.999000+00:00,1159.288172350,18679.000000000,18335.849000000,607.807673600,0.000000000
2019-03-09 00:00:00+00:00,0.033045000,0.034720000,0.032834000,0.033851000,37071.812000000,2019-03-09 23:59:59.999000+00:00,1256.257224360,23842.000000000,19238.465000000,651.988215300,0.000000000
2019-03-10 00:00:00+00:00,0.033870000,0.033978000,0.033323000,0.033454000,21032.403000000,2019-03-10 23:59:59.999000+00:00,705.911346320,12033.000000000,11302.432000000,379.394254550,0.000000000
2019-03-11 00:00:00+00:00,0.033458000,0.033523000,0.032811000,0.033262000,22712.494000000,2019-03-11 23:59:59.999000+00:00,753.074356410,13127.000000000,12459.559000000,413.199941530,0.000000000
2019-03-12 00:00:00+00:00,0.033227000,0.033299000,0.032751000,0.033076000,26192.937000000,2019-03-12 23:59:59.999000+00:00,866.369525080,12188.000000000,13960.246000000,461.607098100,0.000000000
2019-03-13 00:00:00+00:00,0.033077000,0.033297000,0.032800000,0.033053000,23722.605000000,2019-03-13 23:59:59.999000+00:00,783.937072130,11633.000000000,12988.265000000,429.289441520,0.000000000
2019-03-14 00:00:00+00:00,0.033038000,0.034800000,0.033025000,0.034129000,64768.339000000,2019-03-14 23:59:59.999000+00:00,2204.358684860,34521.000000000,34135.669000000,1162.123014320,0.000000000
2019-03-15 00:00:00+00:00,0.034118000,0.037197000,0.033955000,0.036501000,86028.487000000,2019-03-15 23:59:59.999000+00:00,3068.928129310,44028.000000000,45785.303000000,1633.423048760,0.000000000
2019-03-16 00:00:00+00:00,0.036524000,0.041000000,0.036501000,0.038932000,160482.911000000,2019-03-16 23:59:59.999000+00:00,6233.529745740,86226.000000000,84613.627000000,3285.372203070,0.000000000
2019-03-17 00:00:00+00:00,0.038912000,0.039446000,0.036952000,0.038768000,80827.492000000,2019-03-17 23:59:59.999000+00:00,3084.596718830,45165.000000000,42524.454000000,1624.126832660,0.000000000
2019-03-18 00:00:00+00:00,0.038770000,0.041354000,0.038575000,0.040387000,118094.486000000,2019-03-18 23:59:59.999000+00:00,4754.788954990,63741.000000000,61147.095000000,2463.508208370,0.000000000
2019-03-19 00:00:00+00:00,0.040375000,0.040481000,0.038953000,0.039891000,52143.020000000,2019-03-19 23:59:59.999000+00:00,2073.433239770,33203.000000000,26600.327000000,1058.072773630,0.000000000
2019-03-20 00:00:00+00:00,0.039868000,0.039893000,0.038506000,0.039325000,45381.576000000,2019-03-20 23:59:59.999000+00:00,1781.033408970,26113.000000000,23370.528000000,916.699087160,0.000000000
2019-03-21 00:00:00+00:00,0.039325000,0.039427000,0.037156000,0.038374000,56006.253000000,2019-03-21 23:59:59.999000+00:00,2145.560080980,31187.000000000,25942.686000000,994.502347970,0.000000000
2019-03-22 00:00:00+00:00,0.038397000,0.039800000,0.037981000,0.039158000,40752.335000000,2019-03-22 23:59:59.999000+00:00,1588.060345730,22786.000000000,21787.240000000,850.040215060,0.000000000
2019-03-23 00:00:00+00:00,0.039209000,0.042356000,0.039086000,0.041510000,86562.146000000,2019-03-23 23:59:59.999000+00:00,3557.889482020,50235.000000000,44803.770000000,1841.974173150,0.000000000
2019-03-24 00:00:00+00:00,0.041509000,0.041589000,0.040531000,0.041214000,53022.777000000,2019-03-24 23:59:59.999000+00:00,2177.004463410,28581.000000000,26239.283000000,1077.404502040,0.000000000
2019-03-25 00:00:00+00:00,0.041214000,0.041440000,0.039200000,0.040536000,61578.020000000,2019-03-25 23:59:59.999000+00:00,2494.814081030,34670.000000000,32223.250000000,1305.114429820,0.000000000
2019-03-26 00:00:00+00:00,0.040573000,0.040770000,0.039200000,0.040346000,48641.521000000,2019-03-26 23:59:59.999000+00:00,1942.910324680,28879.000000000,25789.148000000,1030.092654900,0.000000000
2019-03-27 00:00:00+00:00,0.040346000,0.042963000,0.040200000,0.042301000,71665.345000000,2019-03-27 23:59:59.999000+00:00,2987.330725720,43888.000000000,39743.204000000,1657.016813240,0.000000000
2019-03-28 00:00:00+00:00,0.042299000,0.042326000,0.041350000,0.041691000,37339.599000000,2019-03-28 23:59:59.999000+00:00,1561.142157280,22987.000000000,19625.992000000,820.589547650,0.000000000
2019-03-29 00:00:00+00:00,0.041692000,0.042534000,0.040946000,0.041504000,39434.936000000,2019-03-29 23:59:59.999000+00:00,1643.212857680,22782.000000000,20317.492000000,847.052992950,0.000000000
2019-03-30 00:00:00+00:00,0.041537000,0.041793000,0.040417000,0.040640000,26861.457000000,2019-03-30 23:59:59.999000+00:00,1100.638485470,16415.000000000,14587.473000000,597.747170660,0.000000000
2019-03-31 00:00:00+00:00,0.040640000,0.041266000,0.040347000,0.041172000,20837.343000000,2019-03-31 23:59:59.999000+00:00,849.766444440,12297.000000000,9358.842000000,381.709915140,0.000000000
2019-04-01 00:00:00+00:00,0.041189000,0.041189000,0.040233000,0.040388000,26476.196000000,2019-04-01 23:59:59.999000+00:00,1076.806835930,15561.000000000,12095.280000000,491.775753910,0.000000000
2019-04-02 00:00:00+00:00,0.040372000,0.050365000,0.037113000,0.049477000,198301.078000000,2019-04-02 23:59:59.999000+00:00,8536.799403740,129220.000000000,104619.425000000,4526.565709520,0.000000000
2019-04-03 00:00:00+00:00,0.049505000,0.067299000,0.049435000,0.060611000,660787.287000000,2019-04-03 23:59:59.999000+00:00,38190.786500320,439387.000000000,351597.001000000,20322.981224100,0.000000000
2019-04-04 00:00:00+00:00,0.060425000,0.063812000,0.055834000,0.058200000,306382.182000000,2019-04-04 23:59:59.999000+00:00,18296.877073500,221712.000000000,156206.678000000,9325.798968560,0.000000000
2019-04-05 00:00:00+00:00,0.058178000,0.059697000,0.057105000,0.058252000,148316.554000000,2019-04-05 23:59:59.999000+00:00,8640.508529860,121359.000000000,78554.765000000,4577.174685190,0.000000000
2019-04-06 00:00:00+00:00,0.058293000,0.064060000,0.057175000,0.060599000,182944.427000000,2019-04-06 23:59:59.999000+00:00,11080.771150510,130648.000000000,91812.633000000,5561.909167700,0.000000000
2019-04-07 00:00:00+00:00,0.060552000,0.063500000,0.059201000,0.061644000,150530.512000000,2019-04-07 23:59:59.999000+00:00,9254.449946240,126283.000000000,77857.665000000,4786.586963530,0.000000000
2019-04-08 00:00:00+00:00,0.061644000,0.062334000,0.057000000,0.058583000,102948.770000000,2019-04-08 23:59:59.999000+00:00,6113.286108610,83004.000000000,51888.759000000,3081.489341980,0.000000000
2019-04-09 00:00:00+00:00,0.058589000,0.058651000,0.056704000,0.056965000,54163.783000000,2019-04-09 23:59:59.999000+00:00,3114.296124430,39887.000000000,27774.076000000,1597.299488510,0.000000000
2019-04-10 00:00:00+00:00,0.056930000,0.058561000,0.056051000,0.057377000,56199.961000000,2019-04-10 23:59:59.999000+00:00,3229.656560850,39375.000000000,28893.592000000,1661.311655780,0.000000000
2019-04-11 00:00:00+00:00,0.057371000,0.057412000,0.051001000,0.053793000,96490.577000000,2019-04-11 23:59:59.999000+00:00,5196.315821600,77504.000000000,48708.397000000,2624.360099750,0.000000000
2019-04-12 00:00:00+00:00,0.053839000,0.057300000,0.052198000,0.055554000,56131.662000000,2019-04-12 23:59:59.999000+00:00,3084.233382910,48105.000000000,29513.697000000,1622.474329340,0.000000000
2019-04-13 00:00:00+00:00,0.055600000,0.056223000,0.053755000,0.054875000,44207.683000000,2019-04-13 23:59:59.999000+00:00,2427.743699530,34366.000000000,25401.717000000,1395.501966420,0.000000000
2019-04-14 00:00:00+00:00,0.054850000,0.056311000,0.054288000,0.056012000,31161.052000000,2019-04-14 23:59:59.999000+00:00,1718.216756300,32317.000000000,17528.314000000,966.421415830,0.000000000
2019-04-15 00:00:00+00:00,0.056044000,0.065000000,0.055714000,0.062063000,228916.672000000,2019-04-15 23:59:59.999000+00:00,13969.539034590,172744.000000000,118353.600000000,7225.301079870,0.000000000
2019-04-16 00:00:00+00:00,0.062099000,0.064293000,0.060200000,0.060894000,111275.852000000,2019-04-16 23:59:59.999000+00:00,6886.799866640,94892.000000000,56064.227000000,3470.957535570,0.000000000
2019-04-17 00:00:00+00:00,0.060882000,0.061283000,0.058421000,0.059309000,61207.959000000,2019-04-17 23:59:59.999000+00:00,3652.434222650,55265.000000000,31595.305000000,1885.712554670,0.000000000
2019-04-18 00:00:00+00:00,0.059287000,0.059582000,0.057880000,0.058021000,45746.136000000,2019-04-18 23:59:59.999000+00:00,2682.103013290,38535.000000000,23868.740000000,1399.698396080,0.000000000
2019-04-19 00:00:00+00:00,0.058033000,0.058786000,0.055357000,0.058020000,79376.087000000,2019-04-19 23:59:59.999000+00:00,4537.332446400,60742.000000000,41406.227000000,2366.300489710,0.000000000
2019-04-20 00:00:00+00:00,0.058013000,0.058434000,0.055900000,0.056377000,40175.884000000,2019-04-20 23:59:59.999000+00:00,2298.335487240,32397.000000000,19818.176000000,1134.239076980,0.000000000
2019-04-21 00:00:00+00:00,0.056394000,0.056900000,0.053448000,0.054808000,59024.142000000,2019-04-21 23:59:59.999000+00:00,3234.147761720,45820.000000000,30605.032000000,1676.304417140,0.000000000
2019-04-22 00:00:00+00:00,0.054807000,0.055848000,0.053890000,0.054312000,53989.784000000,2019-04-22 23:59:59.999000+00:00,2960.260686610,43362.000000000,27995.442000000,1535.438187100,0.000000000
2019-04-23 00:00:00+00:00,0.054313000,0.056360000,0.052000000,0.052194000,79652.969000000,2019-04-23 23:59:59.999000+00:00,4315.278144740,57267.000000000,40186.272000000,2177.216845710,0.000000000
2019-04-24 00:00:00+00:00,0.052189000,0.052494000,0.049572000,0.051166000,86850.440000000,2019-04-24 23:59:59.999000+00:00,4401.673974060,56224.000000000,42646.691000000,2162.426059460,0.000000000
2019-04-25 00:00:00+00:00,0.051148000,0.052251000,0.050875000,0.051382000,62602.218000000,2019-04-25 23:59:59.999000+00:00,3223.822256890,42683.000000000,32489.036000000,1673.498695690,0.000000000
2019-04-26 00:00:00+00:00,0.051380000,0.051634000,0.049321000,0.050209000,55690.935000000,2019-04-26 23:59:59.999000+00:00,2812.463484630,36244.000000000,28226.464000000,1425.267762750,0.000000000
2019-04-27 00:00:00+00:00,0.050202000,0.050814000,0.049717000,0.050148000,23244.127000000,2019-04-27 23:59:59.999000+00:00,1166.698245110,15472.000000000,11736.992000000,589.258893070,0.000000000
2019-04-28 00:00:00+00:00,0.050162000,0.050378000,0.047575000,0.048292000,28315.200000000,2019-04-28 23:59:59.999000+00:00,1389.780047000,18129.000000000,14368.717000000,705.444459170,0.000000000
2019-04-29 00:00:00+00:00,0.048315000,0.048379000,0.044580000,0.045626000,62609.232000000,2019-04-29 23:59:59.999000+00:00,2898.463507060,35550.000000000,28678.436000000,1324.718531900,0.000000000
2019-04-30 00:00:00+00:00,0.045664000,0.050356000,0.045173000,0.050308000,78633.605000000,2019-04-30 23:59:59.999000+00:00,3733.053368210,43293.000000000,40802.932000000,1936.552338630,0.000000000
2019-05-01 00:00:00+00:00,0.050308000,0.052400000,0.049348000,0.050296000,96739.377000000,2019-05-01 23:59:59.999000+00:00,4887.606995780,53022.000000000,49305.485000000,2492.617223030,0.000000000
2019-05-02 00:00:00+00:00,0.050335000,0.051830000,0.048650000,0.049026000,73134.468000000,2019-05-02 23:59:59.999000+00:00,3663.633603890,39120.000000000,36228.606000000,1815.905966930,0.000000000
2019-05-03 00:00:00+00:00,0.049005000,0.052000000,0.047118000,0.050830000,98394.244000000,2019-05-03 23:59:59.999000+00:00,4918.923327300,56941.000000000,51138.566000000,2559.339006670,0.000000000
2019-05-04 00:00:00+00:00,0.050820000,0.053406000,0.047456000,0.049857000,158229.263000000,2019-05-04 23:59:59.999000+00:00,7962.566411120,85963.000000000,78895.797000000,3975.474011810,0.000000000
2019-05-05 00:00:00+00:00,0.049845000,0.052153000,0.049685000,0.050827000,96637.900000000,2019-05-05 23:59:59.999000+00:00,4899.910734130,49146.000000000,49793.289000000,2525.504684470,0.000000000
2019-05-06 00:00:00+00:00,0.050814000,0.051487000,0.048813000,0.050200000,75927.646000000,2019-05-06 23:59:59.999000+00:00,3821.447703260,40915.000000000,40277.384000000,2028.737279990,0.000000000
2019-05-07 00:00:00+00:00,0.050231000,0.051428000,0.048163000,0.048815000,77185.694000000,2019-05-07 23:59:59.999000+00:00,3814.912109160,43436.000000000,39780.090000000,1967.612859580,0.000000000
2019-05-08 00:00:00+00:00,0.048816000,0.048921000,0.047214000,0.047819000,34518.115000000,2019-05-08 23:59:59.999000+00:00,1660.027001800,23163.000000000,17745.298000000,854.190429910,0.000000000
2019-05-09 00:00:00+00:00,0.047819000,0.048248000,0.045310000,0.045852000,36899.317000000,2019-05-09 23:59:59.999000+00:00,1730.021760000,23373.000000000,19134.965000000,897.028612960,0.000000000
2019-05-10 00:00:00+00:00,0.045854000,0.047181000,0.044335000,0.045030000,56067.125000000,2019-05-10 23:59:59.999000+00:00,2548.941654900,35349.000000000,28009.979000000,1273.289186520,0.000000000
2019-05-11 00:00:00+00:00,0.045061000,0.052759000,0.042947000,0.049119000,175240.112000000,2019-05-11 23:59:59.999000+00:00,8271.087857350,114009.000000000,86664.204000000,4090.616141490,0.000000000
2019-05-12 00:00:00+00:00,0.049160000,0.052000000,0.047638000,0.051058000,185582.808000000,2019-05-12 23:59:59.999000+00:00,9235.783773910,129485.000000000,94452.452000000,4701.521314850,0.000000000
2019-05-13 00:00:00+00:00,0.051095000,0.051941000,0.048000000,0.049105000,149339.476000000,2019-05-13 23:59:59.999000+00:00,7457.040792320,107924.000000000,73588.933000000,3675.106217980,0.000000000
2019-05-14 00:00:00+00:00,0.049151000,0.051000000,0.046491000,0.048644000,114565.722000000,2019-05-14 23:59:59.999000+00:00,5584.314695560,96772.000000000,57899.418000000,2822.614590720,0.000000000
2019-05-15 00:00:00+00:00,0.048667000,0.050395000,0.046500000,0.049306000,82455.431000000,2019-05-15 23:59:59.999000+00:00,4005.805408850,63314.000000000,39919.612000000,1939.124348080,0.000000000
2019-05-16 00:00:00+00:00,0.049301000,0.054569000,0.048849000,0.050601000,197201.027000000,2019-05-16 23:59:59.999000+00:00,10143.386587510,149846.000000000,98950.593000000,5096.220062270,0.000000000
2019-05-17 00:00:00+00:00,0.050596000,0.052078000,0.048141000,0.049922000,146610.285000000,2019-05-17 23:59:59.999000+00:00,7335.115142980,109343.000000000,72051.291000000,3606.918493910,0.000000000
2019-05-18 00:00:00+00:00,0.049926000,0.050411000,0.048521000,0.049204000,56386.410000000,2019-05-18 23:59:59.999000+00:00,2788.547292820,41608.000000000,27168.920000000,1344.637556240,0.000000000
2019-05-19 00:00:00+00:00,0.049204000,0.053321000,0.048895000,0.050979000,117059.445000000,2019-05-19 23:59:59.999000+00:00,5997.244181360,88277.000000000,59207.745000000,3033.197367600,0.000000000
2019-05-20 00:00:00+00:00,0.050972000,0.052300000,0.049953000,0.051851000,94342.123000000,2019-05-20 23:59:59.999000+00:00,4834.504748910,68296.000000000,50332.989000000,2581.388232510,0.000000000
2019-05-21 00:00:00+00:00,0.051851000,0.056115000,0.050998000,0.052480000,117784.120000000,2019-05-21 23:59:59.999000+00:00,6216.576852380,89880.000000000,61608.225000000,3249.490219400,0.000000000
2019-05-22 00:00:00+00:00,0.052488000,0.052940000,0.049764000,0.050861000,80949.230000000,2019-05-22 23:59:59.999000+00:00,4175.055459440,58996.000000000,39596.407000000,2044.799077070,0.000000000
2019-05-23 00:00:00+00:00,0.050842000,0.051679000,0.049057000,0.051499000,67688.673000000,2019-05-23 23:59:59.999000+00:00,3421.028717850,57804.000000000,34626.660000000,1752.332479280,0.000000000
2019-05-24 00:00:00+00:00,0.051464000,0.052618000,0.050601000,0.051184000,67509.385000000,2019-05-24 23:59:59.999000+00:00,3482.736167900,51542.000000000,36427.394000000,1879.202286720,0.000000000
2019-05-25 00:00:00+00:00,0.051184000,0.051723000,0.049902000,0.050383000,32996.177000000,2019-05-25 23:59:59.999000+00:00,1676.193829330,24822.000000000,16279.583000000,827.226024880,0.000000000
2019-05-26 00:00:00+00:00,0.050381000,0.050886000,0.048715000,0.049739000,57067.546000000,2019-05-26 23:59:59.999000+00:00,2846.868484250,41832.000000000,28284.102000000,1410.986998390,0.000000000
2019-05-27 00:00:00+00:00,0.049716000,0.051470000,0.048500000,0.050118000,82006.304000000,2019-05-27 23:59:59.999000+00:00,4077.416641810,70170.000000000,40892.352000000,2032.948368460,0.000000000
2019-05-28 00:00:00+00:00,0.050161000,0.050599000,0.049156000,0.049735000,51011.815000000,2019-05-28 23:59:59.999000+00:00,2539.268451090,36151.000000000,24977.434000000,1243.555058840,0.000000000
2019-05-29 00:00:00+00:00,0.049758000,0.053570000,0.049319000,0.052786000,83803.119000000,2019-05-29 23:59:59.999000+00:00,4329.449300950,67039.000000000,44041.081000000,2276.122818340,0.000000000
2019-05-30 00:00:00+00:00,0.052786000,0.055378000,0.049686000,0.050908000,122618.321000000,2019-05-30 23:59:59.999000+00:00,6488.840028880,105029.000000000,61549.613000000,3261.797221560,0.000000000
2019-05-31 00:00:00+00:00,0.050919000,0.052497000,0.050589000,0.051821000,53900.060000000,2019-05-31 23:59:59.999000+00:00,2761.669811360,53401.000000000,27648.803000000,1416.719613660,0.000000000
2019-06-01 00:00:00+00:00,0.051839000,0.052362000,0.050181000,0.050548000,33378.304000000,2019-06-01 23:59:59.999000+00:00,1712.065499060,31416.000000000,16710.647000000,857.549279220,0.000000000
2019-06-02 00:00:00+00:00,0.050550000,0.051589000,0.050281000,0.050501000,23976.549000000,2019-06-02 23:59:59.999000+00:00,1220.378326500,21233.000000000,12318.174000000,627.176397420,0.000000000
2019-06-03 00:00:00+00:00,0.050586000,0.051600000,0.048771000,0.049478000,56275.780000000,2019-06-03 23:59:59.999000+00:00,2825.988836080,47193.000000000,28513.290000000,1432.309856100,0.000000000
2019-06-04 00:00:00+00:00,0.049478000,0.050429000,0.048314000,0.049844000,78871.702000000,2019-06-04 23:59:59.999000+00:00,3892.904225040,65467.000000000,39343.810000000,1943.414642820,0.000000000
2019-06-05 00:00:00+00:00,0.049845000,0.052959000,0.049367000,0.050979000,315876.804000000,2019-06-05 23:59:59.999000+00:00,16068.399649410,97042.000000000,215743.747000000,10978.452639570,0.000000000
2019-06-06 00:00:00+00:00,0.050976000,0.051285000,0.049185000,0.050842000,85036.302000000,2019-06-06 23:59:59.999000+00:00,4275.165332820,58428.000000000,50687.888000000,2549.122154290,0.000000000
2019-06-07 00:00:00+00:00,0.050869000,0.050975000,0.049715000,0.049990000,33982.938000000,2019-06-07 23:59:59.999000+00:00,1706.818783810,28056.000000000,17746.752000000,891.495382310,0.000000000
2019-06-08 00:00:00+00:00,0.049950000,0.050480000,0.049407000,0.049634000,28145.007000000,2019-06-08 23:59:59.999000+00:00,1402.793451040,25427.000000000,13964.682000000,696.038187270,0.000000000
2019-06-09 00:00:00+00:00,0.049634000,0.050008000,0.048880000,0.049816000,21726.555000000,2019-06-09 23:59:59.999000+00:00,1074.992105480,22198.000000000,11121.826000000,550.524991680,0.000000000
2019-06-10 00:00:00+00:00,0.049818000,0.050358000,0.048932000,0.049205000,34011.612000000,2019-06-10 23:59:59.999000+00:00,1684.391636860,30295.000000000,18464.214000000,914.937386620,0.000000000
2019-06-11 00:00:00+00:00,0.049224000,0.049931000,0.048814000,0.049058000,25632.132000000,2019-06-11 23:59:59.999000+00:00,1261.737795450,22228.000000000,13638.403000000,671.653055510,0.000000000
2019-06-12 00:00:00+00:00,0.049028000,0.049558000,0.047950000,0.048600000,39325.801000000,2019-06-12 23:59:59.999000+00:00,1914.555534480,29986.000000000,19626.558000000,956.385097950,0.000000000
2019-06-13 00:00:00+00:00,0.048600000,0.051709000,0.048471000,0.050037000,80499.436000000,2019-06-13 23:59:59.999000+00:00,4026.923947960,54615.000000000,38146.969000000,1909.847262150,0.000000000
2019-06-14 00:00:00+00:00,0.050037000,0.050492000,0.047837000,0.048514000,56502.639000000,2019-06-14 23:59:59.999000+00:00,2772.986102360,40611.000000000,30811.701000000,1512.993066350,0.000000000
2019-06-15 00:00:00+00:00,0.048514000,0.048970000,0.047450000,0.047800000,32639.825000000,2019-06-15 23:59:59.999000+00:00,1570.509460600,25445.000000000,16227.035000000,781.306739190,0.000000000
2019-06-16 00:00:00+00:00,0.047825000,0.047943000,0.046702000,0.047631000,57150.594000000,2019-06-16 23:59:59.999000+00:00,2699.510567400,39441.000000000,27962.465000000,1321.488674430,0.000000000
2019-06-17 00:00:00+00:00,0.047631000,0.047637000,0.046090000,0.046245000,40705.524000000,2019-06-17 23:59:59.999000+00:00,1902.376154410,27307.000000000,19283.494000000,902.320288530,0.000000000
2019-06-18 00:00:00+00:00,0.046258000,0.046323000,0.044613000,0.045589000,72058.754000000,2019-06-18 23:59:59.999000+00:00,3282.945688960,37251.000000000,35723.609000000,1627.267564230,0.000000000
2019-06-19 00:00:00+00:00,0.045565000,0.045833000,0.044602000,0.044867000,39283.162000000,2019-06-19 23:59:59.999000+00:00,1774.232083300,22841.000000000,21254.277000000,959.882280280,0.000000000
2019-06-20 00:00:00+00:00,0.044874000,0.044915000,0.043063000,0.043300000,31264.573000000,2019-06-20 23:59:59.999000+00:00,1372.914727990,23177.000000000,17344.300000000,761.908216960,0.000000000
2019-06-21 00:00:00+00:00,0.043301000,0.045341000,0.043190000,0.043230000,64877.099000000,2019-06-21 23:59:59.999000+00:00,2853.671695290,46008.000000000,29266.092000000,1288.442930540,0.000000000
2019-06-22 00:00:00+00:00,0.043265000,0.051929000,0.040633000,0.044970000,179236.829000000,2019-06-22 23:59:59.999000+00:00,7916.672297800,138874.000000000,95324.510000000,4211.869713500,0.000000000
2019-06-23 00:00:00+00:00,0.044957000,0.046188000,0.043635000,0.043840000,81534.235000000,2019-06-23 23:59:59.999000+00:00,3656.411485180,65811.000000000,47025.397000000,2106.098864190,0.000000000
2019-06-24 00:00:00+00:00,0.043843000,0.044208000,0.042625000,0.043363000,41035.262000000,2019-06-24 23:59:59.999000+00:00,1784.562908550,32205.000000000,24033.222000000,1045.784642610,0.000000000
2019-06-25 00:00:00+00:00,0.043375000,0.043378000,0.040542000,0.040564000,63985.149000000,2019-06-25 23:59:59.999000+00:00,2684.607143020,41801.000000000,37170.910000000,1562.262950840,0.000000000
2019-06-26 00:00:00+00:00,0.040585000,0.040920000,0.030100000,0.037289000,153824.541000000,2019-06-26 23:59:59.999000+00:00,5957.453392030,118955.000000000,77944.959000000,3020.449605160,0.000000000
2019-06-27 00:00:00+00:00,0.037280000,0.038343000,0.035362000,0.036931000,125592.364000000,2019-06-27 23:59:59.999000+00:00,4617.721661750,112053.000000000,63306.922000000,2326.525676680,0.000000000
2019-06-28 00:00:00+00:00,0.036911000,0.038067000,0.034956000,0.035188000,137946.580000000,2019-06-28 23:59:59.999000+00:00,4996.356621950,77719.000000000,54030.275000000,1957.610409600,0.000000000
2019-06-29 00:00:00+00:00,0.035173000,0.037218000,0.034955000,0.037092000,107825.873000000,2019-06-29 23:59:59.999000+00:00,3889.110463860,61018.000000000,35527.574000000,1280.432874000,0.000000000
2019-06-30 00:00:00+00:00,0.037081000,0.037467000,0.036253000,0.037101000,79152.373000000,2019-06-30 23:59:59.999000+00:00,2906.903019710,51890.000000000,34392.884000000,1263.620710030,0.000000000
2019-07-01 00:00:00+00:00,0.037132000,0.039939000,0.036885000,0.039348000,94615.396000000,2019-07-01 23:59:59.999000+00:00,3609.245889220,60144.000000000,37383.406000000,1421.442032310,0.000000000
2019-07-02 00:00:00+00:00,0.039354000,0.040294000,0.037025000,0.037659000,100806.098000000,2019-07-02 23:59:59.999000+00:00,3941.894983420,64798.000000000,41154.592000000,1603.366925750,0.000000000
2019-07-03 00:00:00+00:00,0.037672000,0.037696000,0.035122000,0.035222000,62204.568000000,2019-07-03 23:59:59.999000+00:00,2257.723776310,45834.000000000,25645.021000000,932.270743400,0.000000000
2019-07-04 00:00:00+00:00,0.035231000,0.036479000,0.034740000,0.035859000,80234.943000000,2019-07-04 23:59:59.999000+00:00,2843.404923120,56752.000000000,25782.821000000,913.602137070,0.000000000
2019-07-05 00:00:00+00:00,0.035863000,0.036711000,0.035363000,0.036402000,91082.950000000,2019-07-05 23:59:59.999000+00:00,3281.881006930,47400.000000000,33047.819000000,1189.992102650,0.000000000
2019-07-06 00:00:00+00:00,0.036391000,0.036573000,0.035073000,0.036134000,35442.421000000,2019-07-06 23:59:59.999000+00:00,1263.742849040,30088.000000000,15497.739000000,553.266380390,0.000000000
2019-07-07 00:00:00+00:00,0.036134000,0.036350000,0.035405000,0.035954000,16957.177000000,2019-07-07 23:59:59.999000+00:00,607.836036230,17692.000000000,8943.375000000,320.583443270,0.000000000
2019-07-08 00:00:00+00:00,0.035974000,0.035982000,0.033898000,0.034021000,25585.913000000,2019-07-08 23:59:59.999000+00:00,890.422114890,21383.000000000,12008.774000000,418.288863400,0.000000000
2019-07-09 00:00:00+00:00,0.034029000,0.034232000,0.032937000,0.033063000,42428.556000000,2019-07-09 23:59:59.999000+00:00,1425.415065730,33986.000000000,19728.479000000,663.656228990,0.000000000
2019-07-10 00:00:00+00:00,0.033076000,0.033198000,0.031027000,0.032178000,57691.307000000,2019-07-10 23:59:59.999000+00:00,1842.101091600,47305.000000000,25035.001000000,798.902856710,0.000000000
2019-07-11 00:00:00+00:00,0.032178000,0.032637000,0.028017000,0.030459000,102800.322000000,2019-07-11 23:59:59.999000+00:00,3066.678149870,84728.000000000,48466.702000000,1443.622821800,0.000000000
2019-07-12 00:00:00+00:00,0.030460000,0.031950000,0.029678000,0.029974000,39268.486000000,2019-07-12 23:59:59.999000+00:00,1193.891538090,40799.000000000,20104.571000000,610.988443060,0.000000000
2019-07-13 00:00:00+00:00,0.029975000,0.030937000,0.029574000,0.030215000,30458.825000000,2019-07-13 23:59:59.999000+00:00,920.337550770,33877.000000000,15342.952000000,463.788814420,0.000000000
2019-07-14 00:00:00+00:00,0.030232000,0.030594000,0.027000000,0.027571000,51759.306000000,2019-07-14 23:59:59.999000+00:00,1515.673703440,52404.000000000,25389.856000000,744.831247960,0.000000000
2019-07-15 00:00:00+00:00,0.027560000,0.030640000,0.025938000,0.028850000,93155.670000000,2019-07-15 23:59:59.999000+00:00,2640.072879770,82575.000000000,46802.044000000,1328.243146340,0.000000000
2019-07-16 00:00:00+00:00,0.028850000,0.030003000,0.027815000,0.029954000,84130.548000000,2019-07-16 23:59:59.999000+00:00,2424.446212450,79253.000000000,42174.519000000,1216.240881770,0.000000000
2019-07-17 00:00:00+00:00,0.029962000,0.031525000,0.029600000,0.030141000,94331.666000000,2019-07-17 23:59:59.999000+00:00,2872.447967230,85349.000000000,48035.042000000,1463.192314340,0.000000000
2019-07-18 00:00:00+00:00,0.030128000,0.030960000,0.029328000,0.029562000,48650.363000000,2019-07-18 23:59:59.999000+00:00,1468.468108970,53948.000000000,24520.735000000,740.725977610,0.000000000
2019-07-19 00:00:00+00:00,0.029552000,0.029793000,0.028531000,0.029259000,20410.415000000,2019-07-19 23:59:59.999000+00:00,596.532738630,25480.000000000,10077.266000000,294.498482090,0.000000000
2019-07-20 00:00:00+00:00,0.029244000,0.032186000,0.029172000,0.030190000,45452.474000000,2019-07-20 23:59:59.999000+00:00,1386.546106720,40729.000000000,22777.374000000,695.360970940,0.000000000
2019-07-21 00:00:00+00:00,0.030182000,0.030993000,0.029949000,0.030325000,21472.250000000,2019-07-21 23:59:59.999000+00:00,653.926823390,23463.000000000,9958.646000000,303.086802980,0.000000000
2019-07-22 00:00:00+00:00,0.030310000,0.030521000,0.029631000,0.030026000,18677.755000000,2019-07-22 23:59:59.999000+00:00,562.145569300,20498.000000000,8151.308000000,245.233408580,0.000000000
2019-07-23 00:00:00+00:00,0.030032000,0.030717000,0.029415000,0.030195000,23952.776000000,2019-07-23 23:59:59.999000+00:00,722.227754580,22576.000000000,12491.743000000,376.712215310,0.000000000
2019-07-24 00:00:00+00:00,0.030183000,0.031167000,0.029301000,0.030972000,29478.227000000,2019-07-24 23:59:59.999000+00:00,889.087510210,29403.000000000,15348.493000000,463.450063020,0.000000000
2019-07-25 00:00:00+00:00,0.030949000,0.031222000,0.029677000,0.030594000,18041.618000000,2019-07-25 23:59:59.999000+00:00,549.295432320,20179.000000000,9828.291000000,299.436045240,0.000000000
2019-07-26 00:00:00+00:00,0.030607000,0.033061000,0.030341000,0.032280000,47690.968000000,2019-07-26 23:59:59.999000+00:00,1524.421234940,36594.000000000,22810.304000000,728.348472610,0.000000000
2019-07-27 00:00:00+00:00,0.032283000,0.032417000,0.031180000,0.032220000,32947.123000000,2019-07-27 23:59:59.999000+00:00,1051.697620580,30088.000000000,16447.231000000,525.147870170,0.000000000
2019-07-28 00:00:00+00:00,0.032254000,0.032765000,0.031610000,0.032620000,19564.063000000,2019-07-28 23:59:59.999000+00:00,626.806450630,17850.000000000,7917.515000000,254.134082780,0.000000000
2019-07-29 00:00:00+00:00,0.032627000,0.032688000,0.031951000,0.032159000,17890.399000000,2019-07-29 23:59:59.999000+00:00,577.561243380,17584.000000000,9038.652000000,291.860685350,0.000000000
2019-07-30 00:00:00+00:00,0.032152000,0.033684000,0.031943000,0.033207000,25362.245000000,2019-07-30 23:59:59.999000+00:00,837.656570730,23941.000000000,12320.518000000,406.860437360,0.000000000
2019-07-31 00:00:00+00:00,0.033208000,0.034814000,0.032175000,0.032605000,37946.335000000,2019-07-31 23:59:59.999000+00:00,1270.998311040,29478.000000000,18591.260000000,621.729746040,0.000000000
2019-08-01 00:00:00+00:00,0.032611000,0.032611000,0.031270000,0.031703000,23743.977000000,2019-08-01 23:59:59.999000+00:00,762.419993520,20325.000000000,13085.021000000,420.020726510,0.000000000
2019-08-02 00:00:00+00:00,0.031687000,0.031879000,0.030565000,0.031149000,28469.835000000,2019-08-02 23:59:59.999000+00:00,887.995427360,27411.000000000,16464.352000000,513.228876280,0.000000000
2019-08-03 00:00:00+00:00,0.031159000,0.032775000,0.030667000,0.031029000,30094.948000000,2019-08-03 23:59:59.999000+00:00,950.440064350,33764.000000000,14770.146000000,466.006847310,0.000000000
2019-08-04 00:00:00+00:00,0.031047000,0.031406000,0.030538000,0.030647000,14002.301000000,2019-08-04 23:59:59.999000+00:00,433.559427600,15834.000000000,7495.261000000,231.956112490,0.000000000
2019-08-05 00:00:00+00:00,0.030658000,0.030670000,0.029150000,0.029397000,32584.735000000,2019-08-05 23:59:59.999000+00:00,971.713839190,27784.000000000,15492.902000000,462.056217280,0.000000000
2019-08-06 00:00:00+00:00,0.029365000,0.029651000,0.028646000,0.029268000,25277.820000000,2019-08-06 23:59:59.999000+00:00,737.261974760,24521.000000000,12890.335000000,376.105620290,0.000000000
2019-08-07 00:00:00+00:00,0.029266000,0.029363000,0.028228000,0.028266000,22651.443000000,2019-08-07 23:59:59.999000+00:00,652.123954330,22351.000000000,10872.142000000,312.960190100,0.000000000
2019-08-08 00:00:00+00:00,0.028266000,0.028503000,0.027722000,0.027808000,14754.344000000,2019-08-08 23:59:59.999000+00:00,415.793384320,15807.000000000,7947.884000000,224.008898740,0.000000000
2019-08-09 00:00:00+00:00,0.027800000,0.028000000,0.026238000,0.026516000,23817.463000000,2019-08-09 23:59:59.999000+00:00,642.752343780,23334.000000000,10235.775000000,276.485244550,0.000000000
2019-08-10 00:00:00+00:00,0.026533000,0.028196000,0.026490000,0.027949000,20593.998000000,2019-08-10 23:59:59.999000+00:00,559.329102200,24232.000000000,9555.338000000,259.717072230,0.000000000
2019-08-11 00:00:00+00:00,0.027949000,0.030271000,0.027934000,0.029332000,22463.492000000,2019-08-11 23:59:59.999000+00:00,651.332575820,23968.000000000,11937.877000000,345.864752440,0.000000000
2019-08-12 00:00:00+00:00,0.029324000,0.029701000,0.028798000,0.028952000,13082.308000000,2019-08-12 23:59:59.999000+00:00,382.515521510,15170.000000000,6447.181000000,188.569365540,0.000000000
2019-08-13 00:00:00+00:00,0.028952000,0.032331000,0.028776000,0.032001000,43898.902000000,2019-08-13 23:59:59.999000+00:00,1352.228443660,37450.000000000,20164.864000000,622.240512320,0.000000000
2019-08-14 00:00:00+00:00,0.031969000,0.033836000,0.030007000,0.030999000,68850.849000000,2019-08-14 23:59:59.999000+00:00,2212.968938960,58700.000000000,33161.631000000,1064.926513380,0.000000000
2019-08-15 00:00:00+00:00,0.030976000,0.031920000,0.029840000,0.030503000,30952.850000000,2019-08-15 23:59:59.999000+00:00,952.039283310,33070.000000000,13960.989000000,430.634998650,0.000000000
2019-08-16 00:00:00+00:00,0.030504000,0.031207000,0.029580000,0.029876000,26734.519000000,2019-08-16 23:59:59.999000+00:00,810.116139200,28438.000000000,9464.863000000,287.897195470,0.000000000
2019-08-17 00:00:00+00:00,0.029852000,0.030340000,0.029638000,0.030025000,10937.151000000,2019-08-17 23:59:59.999000+00:00,327.313634680,20009.000000000,5508.299000000,164.872798460,0.000000000
2019-08-18 00:00:00+00:00,0.030003000,0.031171000,0.029907000,0.030736000,15678.590000000,2019-08-18 23:59:59.999000+00:00,479.378066570,18447.000000000,7363.719000000,225.572977050,0.000000000
2019-08-19 00:00:00+00:00,0.030752000,0.030793000,0.029763000,0.029784000,15905.348000000,2019-08-19 23:59:59.999000+00:00,480.370405850,18166.000000000,7460.852000000,225.261948790,0.000000000
2019-08-20 00:00:00+00:00,0.029771000,0.029905000,0.029114000,0.029317000,13775.724000000,2019-08-20 23:59:59.999000+00:00,407.698038000,17407.000000000,6624.857000000,196.166204080,0.000000000
2019-08-21 00:00:00+00:00,0.029322000,0.030216000,0.029042000,0.030008000,20682.998000000,2019-08-21 23:59:59.999000+00:00,611.029707090,23897.000000000,9374.152000000,277.254424810,0.000000000
2019-08-22 00:00:00+00:00,0.030001000,0.030994000,0.029744000,0.030877000,16632.205000000,2019-08-22 23:59:59.999000+00:00,504.025952770,22997.000000000,8602.588000000,260.912461060,0.000000000
2019-08-23 00:00:00+00:00,0.030878000,0.030918000,0.029832000,0.030385000,14733.521000000,2019-08-23 23:59:59.999000+00:00,447.859061810,19539.000000000,6479.087000000,196.933030900,0.000000000
2019-08-24 00:00:00+00:00,0.030375000,0.030600000,0.030017000,0.030167000,11545.523000000,2019-08-24 23:59:59.999000+00:00,350.240447810,15147.000000000,5272.166000000,159.985018940,0.000000000
2019-08-25 00:00:00+00:00,0.030145000,0.030648000,0.030002000,0.030157000,10995.355000000,2019-08-25 23:59:59.999000+00:00,333.251654610,12994.000000000,5118.671000000,155.263568330,0.000000000
2019-08-26 00:00:00+00:00,0.030137000,0.030442000,0.029400000,0.030002000,13187.867000000,2019-08-26 23:59:59.999000+00:00,395.258369910,15948.000000000,5718.303000000,171.381451820,0.000000000
2019-08-27 00:00:00+00:00,0.030012000,0.030770000,0.029551000,0.030282000,11656.386000000,2019-08-27 23:59:59.999000+00:00,352.441401810,14389.000000000,6321.522000000,190.988867870,0.000000000
2019-08-28 00:00:00+00:00,0.030283000,0.030446000,0.029110000,0.030020000,38619.563000000,2019-08-28 23:59:59.999000+00:00,1158.025725990,21731.000000000,7406.890000000,222.040736490,0.000000000
2019-08-29 00:00:00+00:00,0.030034000,0.030123000,0.029180000,0.029483000,19247.256000000,2019-08-29 23:59:59.999000+00:00,571.059066470,18654.000000000,10419.443000000,309.616291150,0.000000000
2019-08-30 00:00:00+00:00,0.029483000,0.029972000,0.028818000,0.029092000,14069.817000000,2019-08-30 23:59:59.999000+00:00,412.646841950,15764.000000000,7260.898000000,213.189874340,0.000000000
2019-08-31 00:00:00+00:00,0.029108000,0.029424000,0.028300000,0.029086000,10866.196000000,2019-08-31 23:59:59.999000+00:00,314.016967380,15057.000000000,5445.301000000,157.434967550,0.000000000
2019-09-01 00:00:00+00:00,0.029085000,0.029414000,0.028630000,0.028870000,9468.879000000,2019-09-01 23:59:59.999000+00:00,274.948917960,11069.000000000,4437.260000000,128.911825260,0.000000000
2019-09-02 00:00:00+00:00,0.028864000,0.029432000,0.028160000,0.028320000,18094.944000000,2019-09-02 23:59:59.999000+00:00,521.657348700,14413.000000000,9247.411000000,266.588891660,0.000000000
2019-09-03 00:00:00+00:00,0.028315000,0.028937000,0.027948000,0.028298000,17517.147000000,2019-09-03 23:59:59.999000+00:00,497.338291050,16505.000000000,8018.489000000,227.877374180,0.000000000
2019-09-04 00:00:00+00:00,0.028298000,0.028512000,0.027652000,0.027834000,14923.987000000,2019-09-04 23:59:59.999000+00:00,419.668764420,15176.000000000,6503.703000000,182.968860080,0.000000000
2019-09-05 00:00:00+00:00,0.027831000,0.027909000,0.027159000,0.027700000,13366.231000000,2019-09-05 23:59:59.999000+00:00,368.164125670,12708.000000000,5501.981000000,151.533142040,0.000000000
2019-09-06 00:00:00+00:00,0.027700000,0.028337000,0.027299000,0.027835000,15516.420000000,2019-09-06 23:59:59.999000+00:00,429.951863640,16755.000000000,7565.835000000,209.716244810,0.000000000
2019-09-07 00:00:00+00:00,0.027807000,0.029044000,0.027405000,0.028665000,14634.027000000,2019-09-07 23:59:59.999000+00:00,413.640088140,15032.000000000,7347.206000000,207.874763350,0.000000000
2019-09-08 00:00:00+00:00,0.028652000,0.029599000,0.028613000,0.029519000,21304.249000000,2019-09-08 23:59:59.999000+00:00,621.354827140,18528.000000000,9444.523000000,275.189101540,0.000000000
2019-09-09 00:00:00+00:00,0.029498000,0.030359000,0.029000000,0.029518000,22186.491000000,2019-09-09 23:59:59.999000+00:00,656.475054020,19136.000000000,10463.066000000,309.737686240,0.000000000
2019-09-10 00:00:00+00:00,0.029517000,0.030187000,0.029470000,0.030112000,12427.931000000,2019-09-10 23:59:59.999000+00:00,370.641146400,15206.000000000,5648.223000000,168.495354360,0.000000000
2019-09-11 00:00:00+00:00,0.030105000,0.030308000,0.029142000,0.029442000,12724.879000000,2019-09-11 23:59:59.999000+00:00,378.272364650,16199.000000000,5770.908000000,171.593271960,0.000000000
2019-09-12 00:00:00+00:00,0.029451000,0.029562000,0.028800000,0.028813000,9563.728000000,2019-09-12 23:59:59.999000+00:00,279.215890710,10972.000000000,3836.982000000,112.025447450,0.000000000
2019-09-13 00:00:00+00:00,0.028814000,0.029082000,0.028654000,0.028823000,9159.732000000,2019-09-13 23:59:59.999000+00:00,264.021592400,11926.000000000,4279.755000000,123.422626720,0.000000000
2019-09-14 00:00:00+00:00,0.028825000,0.029607000,0.028776000,0.029425000,8588.006000000,2019-09-14 23:59:59.999000+00:00,251.040629070,12424.000000000,4276.488000000,124.954647510,0.000000000
2019-09-15 00:00:00+00:00,0.029423000,0.029697000,0.029305000,0.029412000,6688.373000000,2019-09-15 23:59:59.999000+00:00,197.397318200,11415.000000000,3251.020000000,95.962786600,0.000000000
2019-09-16 00:00:00+00:00,0.029413000,0.030010000,0.029404000,0.029998000,12514.711000000,2019-09-16 23:59:59.999000+00:00,372.724115110,16576.000000000,5919.520000000,176.289236610,0.000000000
2019-09-17 00:00:00+00:00,0.030000000,0.032045000,0.029866000,0.031268000,33017.536000000,2019-09-17 23:59:59.999000+00:00,1023.119213740,32454.000000000,15524.361000000,481.429124540,0.000000000
2019-09-18 00:00:00+00:00,0.031272000,0.032761000,0.031262000,0.031860000,34062.760000000,2019-09-18 23:59:59.999000+00:00,1086.956511910,27672.000000000,16295.295000000,520.034837300,0.000000000
2019-09-19 00:00:00+00:00,0.031840000,0.031851000,0.030900000,0.031486000,26567.562000000,2019-09-19 23:59:59.999000+00:00,836.181495410,27274.000000000,12141.805000000,382.096317590,0.000000000
2019-09-20 00:00:00+00:00,0.031487000,0.031632000,0.030441000,0.031019000,16282.701000000,2019-09-20 23:59:59.999000+00:00,506.075037960,18156.000000000,7706.457000000,239.555356790,0.000000000
2019-09-21 00:00:00+00:00,0.031012000,0.031357000,0.030959000,0.031214000,11292.907000000,2019-09-21 23:59:59.999000+00:00,351.743384090,10405.000000000,3956.701000000,123.457024350,0.000000000
2019-09-22 00:00:00+00:00,0.031227000,0.031235000,0.030255000,0.030570000,7137.293000000,2019-09-22 23:59:59.999000+00:00,218.901392540,10968.000000000,3217.796000000,98.675147730,0.000000000
2019-09-23 00:00:00+00:00,0.030571000,0.031087000,0.030105000,0.030113000,15324.262000000,2019-09-23 23:59:59.999000+00:00,469.710720830,16655.000000000,7286.755000000,223.391829570,0.000000000
2019-09-24 00:00:00+00:00,0.030111000,0.030123000,0.025274000,0.025693000,97345.415000000,2019-09-24 23:59:59.999000+00:00,2633.222058100,96805.000000000,44430.725000000,1204.170295490,0.000000000
2019-09-25 00:00:00+00:00,0.025692000,0.027352000,0.025469000,0.026955000,80447.287000000,2019-09-25 23:59:59.999000+00:00,2132.310256830,68128.000000000,40604.209000000,1076.391904220,0.000000000
2019-09-26 00:00:00+00:00,0.026956000,0.026966000,0.026132000,0.026552000,47191.838000000,2019-09-26 23:59:59.999000+00:00,1251.723818350,38454.000000000,24563.402000000,651.536370060,0.000000000
2019-09-27 00:00:00+00:00,0.026557000,0.027169000,0.026421000,0.026916000,25774.295000000,2019-09-27 23:59:59.999000+00:00,690.870762180,25110.000000000,13635.579000000,365.684938930,0.000000000
2019-09-28 00:00:00+00:00,0.026917000,0.028303000,0.026814000,0.027704000,28149.406000000,2019-09-28 23:59:59.999000+00:00,773.032583420,26636.000000000,15069.701000000,413.805175000,0.000000000
2019-09-29 00:00:00+00:00,0.027694000,0.027719000,0.026636000,0.027107000,27438.755000000,2019-09-29 23:59:59.999000+00:00,744.902972090,25020.000000000,12805.597000000,347.721969690,0.000000000
2019-09-30 00:00:00+00:00,0.027100000,0.028345000,0.026855000,0.027422000,34165.545000000,2019-09-30 23:59:59.999000+00:00,943.325414280,26429.000000000,17871.262000000,493.454667540,0.000000000
2019-10-01 00:00:00+00:00,0.027410000,0.028416000,0.026515000,0.026829000,37816.521000000,2019-10-01 23:59:59.999000+00:00,1028.298096040,30550.000000000,17939.962000000,487.798695400,0.000000000
2019-10-02 00:00:00+00:00,0.026838000,0.027277000,0.026688000,0.026890000,15311.879000000,2019-10-02 23:59:59.999000+00:00,413.900577950,14791.000000000,7192.104000000,194.408958500,0.000000000
2019-10-03 00:00:00+00:00,0.026892000,0.027297000,0.026750000,0.027000000,11143.811000000,2019-10-03 23:59:59.999000+00:00,300.476268940,11734.000000000,6065.344000000,163.571104530,0.000000000
2019-10-04 00:00:00+00:00,0.027000000,0.027505000,0.026989000,0.027207000,13901.877000000,2019-10-04 23:59:59.999000+00:00,379.341072930,12589.000000000,7899.490000000,215.617211360,0.000000000
2019-10-05 00:00:00+00:00,0.027202000,0.027564000,0.027080000,0.027405000,10275.668000000,2019-10-05 23:59:59.999000+00:00,280.633491520,10277.000000000,4828.503000000,131.937486310,0.000000000
2019-10-06 00:00:00+00:00,0.027406000,0.028161000,0.027336000,0.028023000,13368.548000000,2019-10-06 23:59:59.999000+00:00,370.379923870,14842.000000000,7206.777000000,199.665173710,0.000000000
2019-10-07 00:00:00+00:00,0.028032000,0.028845000,0.028011000,0.028419000,26216.283000000,2019-10-07 23:59:59.999000+00:00,746.873472750,22799.000000000,14792.816000000,421.613629740,0.000000000
2019-10-08 00:00:00+00:00,0.028410000,0.028854000,0.027907000,0.028315000,15404.798000000,2019-10-08 23:59:59.999000+00:00,436.132198650,14545.000000000,7613.809000000,215.543981690,0.000000000
2019-10-09 00:00:00+00:00,0.028335000,0.028888000,0.027507000,0.027816000,25473.564000000,2019-10-09 23:59:59.999000+00:00,715.626546520,19402.000000000,13517.454000000,379.602427630,0.000000000
2019-10-10 00:00:00+00:00,0.027811000,0.027914000,0.026779000,0.026813000,25827.105000000,2019-10-10 23:59:59.999000+00:00,705.114272700,17604.000000000,15595.012000000,426.144133090,0.000000000
2019-10-11 00:00:00+00:00,0.026804000,0.027136000,0.026354000,0.026697000,20033.325000000,2019-10-11 23:59:59.999000+00:00,536.057635450,20685.000000000,10140.194000000,271.413245890,0.000000000
2019-10-12 00:00:00+00:00,0.026701000,0.027324000,0.026636000,0.026982000,10617.177000000,2019-10-12 23:59:59.999000+00:00,285.798640040,12218.000000000,5189.739000000,139.713847310,0.000000000
2019-10-13 00:00:00+00:00,0.027000000,0.027216000,0.026643000,0.026947000,7822.250000000,2019-10-13 23:59:59.999000+00:00,211.022213870,9820.000000000,4098.673000000,110.584530510,0.000000000
2019-10-14 00:00:00+00:00,0.026947000,0.027560000,0.026947000,0.027305000,11706.129000000,2019-10-14 23:59:59.999000+00:00,318.912253160,11231.000000000,5588.033000000,152.273708840,0.000000000
2019-10-15 00:00:00+00:00,0.027287000,0.027364000,0.026710000,0.027220000,15903.150000000,2019-10-15 23:59:59.999000+00:00,430.799414510,15166.000000000,7839.387000000,212.351183650,0.000000000
2019-10-16 00:00:00+00:00,0.027218000,0.027660000,0.026850000,0.027124000,17235.110000000,2019-10-16 23:59:59.999000+00:00,470.147596790,15986.000000000,9017.400000000,245.968928260,0.000000000
2019-10-17 00:00:00+00:00,0.027113000,0.027359000,0.026882000,0.027243000,9928.986000000,2019-10-17 23:59:59.999000+00:00,269.052676450,10345.000000000,5075.977000000,137.586993940,0.000000000
2019-10-18 00:00:00+00:00,0.027239000,0.027366000,0.026534000,0.026639000,20153.656000000,2019-10-18 23:59:59.999000+00:00,541.871009490,16255.000000000,10359.367000000,278.456349000,0.000000000
2019-10-19 00:00:00+00:00,0.026637000,0.027150000,0.026578000,0.026786000,9581.853000000,2019-10-19 23:59:59.999000+00:00,256.919527040,10879.000000000,4621.870000000,123.935380360,0.000000000
2019-10-20 00:00:00+00:00,0.026793000,0.027871000,0.026640000,0.027327000,19075.823000000,2019-10-20 23:59:59.999000+00:00,520.793183510,19950.000000000,9431.263000000,257.661173310,0.000000000
2019-10-21 00:00:00+00:00,0.027327000,0.028760000,0.027145000,0.028302000,33151.149000000,2019-10-21 23:59:59.999000+00:00,928.032165200,28441.000000000,16515.602000000,462.270911250,0.000000000
2019-10-22 00:00:00+00:00,0.028313000,0.028520000,0.027669000,0.028291000,17487.036000000,2019-10-22 23:59:59.999000+00:00,491.875030000,17578.000000000,8148.042000000,229.340808520,0.000000000
2019-10-23 00:00:00+00:00,0.028288000,0.028315000,0.026904000,0.028125000,45471.014000000,2019-10-23 23:59:59.999000+00:00,1259.556884380,37309.000000000,23310.895000000,646.360172340,0.000000000
2019-10-24 00:00:00+00:00,0.028125000,0.029171000,0.027812000,0.028603000,25987.737000000,2019-10-24 23:59:59.999000+00:00,740.821380980,23719.000000000,12573.305000000,358.642118060,0.000000000
2019-10-25 00:00:00+00:00,0.028602000,0.031765000,0.028200000,0.029912000,83095.705000000,2019-10-25 23:59:59.999000+00:00,2464.238589030,66867.000000000,45019.443000000,1336.841169010,0.000000000
2019-10-26 00:00:00+00:00,0.029920000,0.030057000,0.026784000,0.027334000,95633.763000000,2019-10-26 23:59:59.999000+00:00,2668.289329320,77847.000000000,45454.715000000,1269.018650320,0.000000000
2019-10-27 00:00:00+00:00,0.027335000,0.028000000,0.026827000,0.027350000,45651.651000000,2019-10-27 23:59:59.999000+00:00,1247.467988790,44296.000000000,23441.390000000,640.792756290,0.000000000
2019-10-28 00:00:00+00:00,0.027349000,0.029204000,0.027200000,0.028637000,51328.255000000,2019-10-28 23:59:59.999000+00:00,1450.586212640,51936.000000000,23194.773000000,655.361039620,0.000000000
2019-10-29 00:00:00+00:00,0.028653000,0.031800000,0.028557000,0.030744000,98867.284000000,2019-10-29 23:59:59.999000+00:00,3016.774183530,78405.000000000,46251.278000000,1410.775417870,0.000000000
2019-10-30 00:00:00+00:00,0.030740000,0.032683000,0.030510000,0.031543000,66045.158000000,2019-10-30 23:59:59.999000+00:00,2098.942186550,59744.000000000,31038.110000000,986.465075190,0.000000000
2019-10-31 00:00:00+00:00,0.031519000,0.031893000,0.030050000,0.030910000,45306.211000000,2019-10-31 23:59:59.999000+00:00,1401.568335630,42839.000000000,22884.609000000,707.907318690,0.000000000
2019-11-01 00:00:00+00:00,0.030910000,0.030994000,0.029668000,0.030146000,25096.109000000,2019-11-01 23:59:59.999000+00:00,760.162189790,31941.000000000,11486.979000000,347.934200010,0.000000000
2019-11-02 00:00:00+00:00,0.030138000,0.031738000,0.030083000,0.031172000,21515.903000000,2019-11-02 23:59:59.999000+00:00,665.622615900,27914.000000000,10090.515000000,312.274272950,0.000000000
2019-11-03 00:00:00+00:00,0.031173000,0.032571000,0.030867000,0.031673000,35965.873000000,2019-11-03 23:59:59.999000+00:00,1135.438188480,36288.000000000,16060.248000000,506.617886180,0.000000000
2019-11-04 00:00:00+00:00,0.031673000,0.031806000,0.030439000,0.030903000,24977.266000000,2019-11-04 23:59:59.999000+00:00,780.002111140,29187.000000000,13299.996000000,415.319852040,0.000000000
2019-11-05 00:00:00+00:00,0.030903000,0.031835000,0.030787000,0.031465000,17666.939000000,2019-11-05 23:59:59.999000+00:00,553.095088320,22268.000000000,8428.177000000,263.893641250,0.000000000
2019-11-06 00:00:00+00:00,0.031465000,0.032946000,0.031385000,0.032700000,40677.981000000,2019-11-06 23:59:59.999000+00:00,1311.631813050,35388.000000000,18854.531000000,607.909394870,0.000000000
2019-11-07 00:00:00+00:00,0.032700000,0.032776000,0.031212000,0.031686000,31367.845000000,2019-11-07 23:59:59.999000+00:00,998.083488910,25572.000000000,14387.696000000,457.858063820,0.000000000
2019-11-08 00:00:00+00:00,0.031687000,0.032034000,0.030851000,0.031582000,36601.356000000,2019-11-08 23:59:59.999000+00:00,1157.660030640,33322.000000000,18412.262000000,582.769725000,0.000000000
2019-11-09 00:00:00+00:00,0.031582000,0.032185000,0.031568000,0.032093000,13176.585000000,2019-11-09 23:59:59.999000+00:00,420.182381560,20612.000000000,6283.879000000,200.373420040,0.000000000
2019-11-10 00:00:00+00:00,0.032093000,0.032966000,0.031566000,0.032417000,29017.764000000,2019-11-10 23:59:59.999000+00:00,938.748479250,35241.000000000,15006.368000000,485.763626750,0.000000000
2019-11-11 00:00:00+00:00,0.032417000,0.033188000,0.032405000,0.032810000,23033.591000000,2019-11-11 23:59:59.999000+00:00,756.178747660,26172.000000000,10707.227000000,351.540893490,0.000000000
2019-11-12 00:00:00+00:00,0.032792000,0.033364000,0.032654000,0.032790000,23770.706000000,2019-11-12 23:59:59.999000+00:00,782.167740570,24580.000000000,12941.452000000,425.854423660,0.000000000
2019-11-13 00:00:00+00:00,0.032790000,0.033004000,0.032173000,0.032517000,19111.828000000,2019-11-13 23:59:59.999000+00:00,624.395165770,15614.000000000,9315.051000000,304.310634500,0.000000000
2019-11-14 00:00:00+00:00,0.032517000,0.032572000,0.031200000,0.032108000,21141.478000000,2019-11-14 23:59:59.999000+00:00,678.088437240,28212.000000000,9351.007000000,299.987135000,0.000000000
2019-11-15 00:00:00+00:00,0.032122000,0.032144000,0.030579000,0.031070000,26587.035000000,2019-11-15 23:59:59.999000+00:00,834.062255710,29206.000000000,14660.121000000,459.809681040,0.000000000
2019-11-16 00:00:00+00:00,0.031077000,0.031399000,0.031002000,0.031247000,7055.673000000,2019-11-16 23:59:59.999000+00:00,220.346106840,15232.000000000,3889.201000000,121.450026210,0.000000000
2019-11-17 00:00:00+00:00,0.031235000,0.031541000,0.030885000,0.031269000,11796.966000000,2019-11-17 23:59:59.999000+00:00,368.651315710,20309.000000000,5288.044000000,165.293209990,0.000000000
2019-11-18 00:00:00+00:00,0.031272000,0.031327000,0.029379000,0.030093000,29214.605000000,2019-11-18 23:59:59.999000+00:00,892.381689370,31308.000000000,13927.713000000,425.600301880,0.000000000
2019-11-19 00:00:00+00:00,0.030114000,0.030278000,0.029064000,0.029772000,29599.061000000,2019-11-19 23:59:59.999000+00:00,880.251703290,29348.000000000,13912.169000000,413.457053190,0.000000000
2019-11-20 00:00:00+00:00,0.029772000,0.030292000,0.029520000,0.030054000,15325.517000000,2019-11-20 23:59:59.999000+00:00,457.613397760,22437.000000000,7594.647000000,226.732058250,0.000000000
2019-11-21 00:00:00+00:00,0.030043000,0.030388000,0.028908000,0.029685000,30213.495000000,2019-11-21 23:59:59.999000+00:00,896.767733520,34975.000000000,13975.513000000,414.914811320,0.000000000
2019-11-22 00:00:00+00:00,0.029679000,0.029858000,0.028048000,0.028530000,65372.450000000,2019-11-22 23:59:59.999000+00:00,1891.295881860,60347.000000000,29984.660000000,868.138994420,0.000000000
2019-11-23 00:00:00+00:00,0.028530000,0.029697000,0.028269000,0.029403000,27083.790000000,2019-11-23 23:59:59.999000+00:00,783.246009900,28052.000000000,14058.893000000,406.924131030,0.000000000
2019-11-24 00:00:00+00:00,0.029403000,0.029537000,0.028838000,0.029309000,20610.673000000,2019-11-24 23:59:59.999000+00:00,602.095957340,24309.000000000,9243.611000000,270.235359540,0.000000000
2019-11-25 00:00:00+00:00,0.029308000,0.030900000,0.029016000,0.029142000,45712.471000000,2019-11-25 23:59:59.999000+00:00,1353.145596770,41729.000000000,21899.126000000,649.009352150,0.000000000
2019-11-26 00:00:00+00:00,0.029139000,0.029850000,0.029100000,0.029466000,20139.012000000,2019-11-26 23:59:59.999000+00:00,592.947648430,18499.000000000,10004.022000000,294.887654600,0.000000000
2019-11-27 00:00:00+00:00,0.029462000,0.029850000,0.029100000,0.029201000,26776.351000000,2019-11-27 23:59:59.999000+00:00,789.789252430,26605.000000000,12646.788000000,373.682638820,0.000000000
2019-11-28 00:00:00+00:00,0.029186000,0.029332000,0.029110000,0.029330000,825.867000000,2019-11-28 01:59:59.999000+00:00,24.158697320,822.000000000,426.033000000,12.467785270,0.000000000
2019-11-29 00:00:00+00:00,,,,,,,,,,,
2019-11-30 00:00:00+00:00,,,,,,,,,,,
2019-12-01 00:00:00+00:00,,,,,,,,,,,
2019-12-02 00:00:00+00:00,,,,,,,,,,,
2019-12-03 00:00:00+00:00,,,,,,,,,,,
2019-12-04 00:00:00+00:00,,,,,,,,,,,
2019-12-05 00:00:00+00:00,,,,,,,,,,,
2019-12-06 00:00:00+00:00,,,,,,,,,,,
2019-12-07 00:00:00+00:00,,,,,,,,,,,
2019-12-08 00:00:00+00:00,,,,,,,,,,,
2019-12-09 00:00:00+00:00,,,,,,,,,,,
2019-12-10 00:00:00+00:00,,,,,,,,,,,
2019-12-11 00:00:00+00:00,,,,,,,,,,,
2019-12-12 00:00:00+00:00,,,,,,,,,,,
2019-12-13 00:00:00+00:00,,,,,,,,,,,
2019-12-14 00:00:00+00:00,,,,,,,,,,,
2019-12-15 00:00:00+00:00,,,,,,,,,,,
2019-12-16 00:00:00+00:00,,,,,,,,,,,
2019-12-17 00:00:00+00:00,,,,,,,,,,,
2019-12-18 00:00:00+00:00,,,,,,,,,,,
2019-12-19 00:00:00+00:00,,,,,,,,,,,
2019-12-20 00:00:00+00:00,,,,,,,,,,,
2019-12-21 00:00:00+00:00,,,,,,,,,,,
2019-12-22 00:00:00+00:00,,,,,,,,,,,
2019-12-23 00:00:00+00:00,,,,,,,,,,,
2019-12-24 00:00:00+00:00,,,,,,,,,,,
2019-12-25 00:00:00+00:00,,,,,,,,,,,
2019-12-26 00:00:00+00:00,,,,,,,,,,,
2019-12-27 00:00:00+00:00,,,,,,,,,,,
2019-12-28 00:00:00+00:00,,,,,,,,,,,
2019-12-29 00:00:00+00:00,,,,,,,,,,,
2019-12-30 00:00:00+00:00,,,,,,,,,,,
2019-12-31 00:00:00+00:00,,,,,,,,,,,
2020-01-01 00:00:00+00:00,,,,,,,,,,,
2020-01-02 00:00:00+00:00,,,,,,,,,,,
2020-01-03 00:00:00+00:00,,,,,,,,,,,
2020-01-04 00:00:00+00:00,,,,,,,,,,,
2020-01-05 00:00:00+00:00,,,,,,,,,,,
2020-01-06 00:00:00+00:00,,,,,,,,,,,
2020-01-07 00:00:00+00:00,,,,,,,,,,,
2020-01-08 00:00:00+00:00,,,,,,,,,,,
2020-01-09 00:00:00+00:00,,,,,,,,,,,
2020-01-10 00:00:00+00:00,,,,,,,,,,,
2020-01-11 00:00:00+00:00,,,,,,,,,,,
2020-01-12 00:00:00+00:00,,,,,,,,,,,
2020-01-13 00:00:00+00:00,,,,,,,,,,,
2020-01-14 00:00:00+00:00,,,,,,,,,,,
2020-01-15 00:00:00+00:00,,,,,,,,,,,
2020-01-16 00:00:00+00:00,,,,,,,,,,,
2020-01-17 00:00:00+00:00,,,,,,,,,,,
2020-01-18 00:00:00+00:00,,,,,,,,,,,
2020-01-19 00:00:00+00:00,,,,,,,,,,,
2020-01-20 00:00:00+00:00,,,,,,,,,,,
2020-01-21 00:00:00+00:00,,,,,,,,,,,
2020-01-22 00:00:00+00:00,,,,,,,,,,,
2020-01-23 00:00:00+00:00,,,,,,,,,,,
2020-01-24 00:00:00+00:00,,,,,,,,,,,
2020-01-25 00:00:00+00:00,,,,,,,,,,,
2020-01-26 00:00:00+00:00,,,,,,,,,,,
2020-01-27 00:00:00+00:00,,,,,,,,,,,
2020-01-28 00:00:00+00:00,,,,,,,,,,,
2020-01-29 00:00:00+00:00,,,,,,,,,,,
2020-01-30 00:00:00+00:00,,,,,,,,,,,
2020-01-31 00:00:00+00:00,,,,,,,,,,,
2020-02-01 00:00:00+00:00,,,,,,,,,,,
2020-02-02 00:00:00+00:00,,,,,,,,,,,
2020-02-03 00:00:00+00:00,,,,,,,,,,,
2020-02-04 00:00:00+00:00,,,,,,,,,,,
2020-02-05 00:00:00+00:00,,,,,,,,,,,
2020-02-06 00:00:00+00:00,,,,,,,,,,,
2020-02-07 00:00:00+00:00,,,,,,,,,,,
2020-02-08 00:00:00+00:00,,,,,,,,,,,
2020-02-09 00:00:00+00:00,,,,,,,,,,,
2020-02-10 00:00:00+00:00,,,,,,,,,,,
2020-02-11 00:00:00+00:00,,,,,,,,,,,
2020-02-12 00:00:00+00:00,,,,,,,,,,,
2020-02-13 00:00:00+00:00,,,,,,,,,,,
2020-02-14 00:00:00+00:00,,,,,,,,,,,
2020-02-15 00:00:00+00:00,,,,,,,,,,,
2020-02-16 00:00:00+00:00,,,,,,,,,,,
2020-02-17 00:00:00+00:00,,,,,,,,,,,
2020-02-18 00:00:00+00:00,,,,,,,,,,,
2020-02-19 00:00:00+00:00,,,,,,,,,,,
2020-02-20 00:00:00+00:00,,,,,,,,,,,
2020-02-21 00:00:00+00:00,,,,,,,,,,,
2020-02-22 00:00:00+00:00,,,,,,,,,,,
2020-02-23 00:00:00+00:00,,,,,,,,,,,
2020-02-24 00:00:00+00:00,,,,,,,,,,,
2020-02-25 00:00:00+00:00,,,,,,,,,,,
2020-02-26 00:00:00+00:00,,,,,,,,,,,
2020-02-27 00:00:00+00:00,,,,,,,,,,,
2020-02-28 00:00:00+00:00,,,,,,,,,,,
2020-02-29 00:00:00+00:00,,,,,,,,,,,
2020-03-01 00:00:00+00:00,,,,,,,,,,,
2020-03-02 00:00:00+00:00,,,,,,,,,,,
2020-03-03 00:00:00+00:00,,,,,,,,,,,
2020-03-04 00:00:00+00:00,,,,,,,,,,,
2020-03-05 00:00:00+00:00,,,,,,,,,,,
2020-03-06 00:00:00+00:00,,,,,,,,,,,
2020-03-07 00:00:00+00:00,,,,,,,,,,,
2020-03-08 00:00:00+00:00,,,,,,,,,,,
2020-03-09 00:00:00+00:00,,,,,,,,,,,
2020-03-10 00:00:00+00:00,,,,,,,,,,,
2020-03-11 00:00:00+00:00,,,,,,,,,,,
2020-03-12 00:00:00+00:00,,,,,,,,,,,
2020-03-13 00:00:00+00:00,,,,,,,,,,,
2020-03-14 00:00:00+00:00,,,,,,,,,,,
2020-03-15 00:00:00+00:00,,,,,,,,,,,
2020-03-16 00:00:00+00:00,,,,,,,,,,,
2020-03-17 00:00:00+00:00,,,,,,,,,,,
2020-03-18 00:00:00+00:00,,,,,,,,,,,
2020-03-19 00:00:00+00:00,,,,,,,,,,,
2020-03-20 00:00:00+00:00,,,,,,,,,,,
2020-03-21 00:00:00+00:00,,,,,,,,,,,
2020-03-22 00:00:00+00:00,,,,,,,,,,,
2020-03-23 00:00:00+00:00,,,,,,,,,,,
2020-03-24 00:00:00+00:00,,,,,,,,,,,
2020-03-25 00:00:00+00:00,,,,,,,,,,,
2020-03-26 00:00:00+00:00,,,,,,,,,,,
2020-03-27 00:00:00+00:00,,,,,,,,,,,
2020-03-28 00:00:00+00:00,,,,,,,,,,,
2020-03-29 00:00:00+00:00,,,,,,,,,,,
2020-03-30 00:00:00+00:00,,,,,,,,,,,
2020-03-31 00:00:00+00:00,,,,,,,,,,,
2020-04-01 00:00:00+00:00,,,,,,,,,,,
2020-04-02 00:00:00+00:00,,,,,,,,,,,
2020-04-03 00:00:00+00:00,,,,,,,,,,,
2020-04-04 00:00:00+00:00,,,,,,,,,,,
2020-04-05 00:00:00+00:00,,,,,,,,,,,
2020-04-06 00:00:00+00:00,,,,,,,,,,,
2020-04-07 00:00:00+00:00,,,,,,,,,,,
2020-04-08 00:00:00+00:00,,,,,,,,,,,
2020-04-09 00:00:00+00:00,,,,,,,,,,,
2020-04-10 00:00:00+00:00,,,,,,,,,,,
2020-04-11 00:00:00+00:00,,,,,,,,,,,
2020-04-12 00:00:00+00:00,,,,,,,,,,,
2020-04-13 00:00:00+00:00,,,,,,,,,,,
2020-04-14 00:00:00+00:00,,,,,,,,,,,
2020-04-15 00:00:00+00:00,,,,,,,,,,,
2020-04-16 00:00:00+00:00,,,,,,,,,,,
2020-04-17 00:00:00+00:00,,,,,,,,,,,
2020-04-18 00:00:00+00:00,,,,,,,,,,,
2020-04-19 00:00:00+00:00,,,,,,,,,,,
2020-04-20 00:00:00+00:00,,,,,,,,,,,
2020-04-21 00:00:00+00:00,,,,,,,,,,,
2020-04-22 00:00:00+00:00,,,,,,,,,,,
2020-04-23 00:00:00+00:00,,,,,,,,,,,
2020-04-24 00:00:00+00:00,,,,,,,,,,,
2020-04-25 00:00:00+00:00,,,,,,,,,,,
2020-04-26 00:00:00+00:00,,,,,,,,,,,
2020-04-27 00:00:00+00:00,,,,,,,,,,,
2020-04-28 00:00:00+00:00,,,,,,,,,,,
2020-04-29 00:00:00+00:00,,,,,,,,,,,
2020-04-30 00:00:00+00:00,,,,,,,,,,,
2020-05-01 00:00:00+00:00,,,,,,,,,,,
2020-05-02 00:00:00+00:00,,,,,,,,,,,
2020-05-03 00:00:00+00:00,,,,,,,,,,,
2020-05-04 00:00:00+00:00,,,,,,,,,,,
2020-05-05 00:00:00+00:00,,,,,,,,,,,
2020-05-06 00:00:00+00:00,,,,,,,,,,,
2020-05-07 00:00:00+00:00,,,,,,,,,,,
2020-05-08 00:00:00+00:00,,,,,,,,,,,
2020-05-09 00:00:00+00:00,,,,,,,,,,,
2020-05-10 00:00:00+00:00,,,,,,,,,,,
2020-05-11 00:00:00+00:00,,,,,,,,,,,
2020-05-12 00:00:00+00:00,,,,,,,,,,,
2020-05-13 00:00:00+00:00,,,,,,,,,,,
2020-05-14 00:00:00+00:00,,,,,,,,,,,
2020-05-15 00:00:00+00:00,,,,,,,,,,,
2020-05-16 00:00:00+00:00,,,,,,,,,,,
2020-05-17 00:00:00+00:00,,,,,,,,,,,
2020-05-18 00:00:00+00:00,,,,,,,,,,,
2020-05-19 00:00:00+00:00,,,,,,,,,,,
2020-05-20 00:00:00+00:00,,,,,,,,,,,
2020-05-21 00:00:00+00:00,,,,,,,,,,,
2020-05-22 00:00:00+00:00,,,,,,,,,,,
2020-05-23 00:00:00+00:00,,,,,,,,,,,
2020-05-24 00:00:00+00:00,,,,,,,,,,,
2020-05-25 00:00:00+00:00,,,,,,,,,,,
2020-05-26 00:00:00+00:00,,,,,,,,,,,
2020-05-27 00:00:00+00:00,,,,,,,,,,,
2020-05-28 00:00:00+00:00,,,,,,,,,,,
2020-05-29 00:00:00+00:00,,,,,,,,,,,
2020-05-30 00:00:00+00:00,,,,,,,,,,,
2020-05-31 00:00:00+00:00,,,,,,,,,,,
2020-06-01 00:00:00+00:00,,,,,,,,,,,
2020-06-02 00:00:00+00:00,,,,,,,,,,,
2020-06-03 00:00:00+00:00,,,,,,,,,,,
